Timestamp,x,y,z,q1,q2,q3,q4
0.72433,-0.074717,-0.015958,0.231011,0.999882,-0.009246,0.012105,-0.002044
0.744322,-0.074725,-0.015957,0.231032,0.999883,-0.009196,0.012001,-0.00216
0.76432,-0.074705,-0.015959,0.230987,0.999884,-0.009432,0.011928,-0.001228
0.784358,-0.074727,-0.015959,0.231083,0.999869,-0.009242,0.013082,-0.002109
0.804361,-0.074707,-0.015955,0.230999,0.999878,-0.009565,0.012338,-0.001102
0.824335,-0.074721,-0.015952,0.23104,0.999879,-0.009355,0.012184,-0.002243
0.84434,-0.074713,-0.015957,0.23101,0.999878,-0.009303,0.012418,-0.001792
0.864338,-0.074716,-0.015949,0.231022,0.999875,-0.009259,0.012572,-0.002381
0.884347,-0.074702,-0.015957,0.230977,0.999888,-0.009413,0.01159,-0.001294
0.904367,-0.074739,-0.01596,0.23109,0.999873,-0.009369,0.012772,-0.002008
0.92432,-0.074722,-0.015957,0.231054,0.999874,-0.009327,0.012763,-0.001699
0.944361,-0.074713,-0.015955,0.230998,0.999884,-0.009305,0.011945,-0.001832
0.964372,-0.074701,-0.015954,0.230979,0.999886,-0.009182,0.011813,-0.002031
0.984367,-0.074719,-0.015954,0.23106,0.999871,-0.009263,0.012911,-0.00229
1.00435,-0.074697,-0.015954,0.230963,0.999883,-0.009383,0.01189,-0.002095
1.02436,-0.0747,-0.015957,0.230957,0.999888,-0.009187,0.011578,-0.002155
1.04437,-0.074692,-0.015952,0.230936,0.999884,-0.009265,0.011936,-0.001728
1.06436,-0.074718,-0.015959,0.23102,0.999877,-0.009394,0.012394,-0.00218
1.08437,-0.074714,-0.015959,0.231029,0.999873,-0.009368,0.012754,-0.001679
1.10433,-0.074743,-0.015965,0.231107,0.999874,-0.009633,0.012502,-0.001768
1.12431,-0.074706,-0.015957,0.230999,0.999877,-0.009149,0.012348,-0.003195
1.14432,-0.074721,-0.01596,0.231043,0.999879,-0.009286,0.012324,-0.001899
1.16432,-0.074703,-0.015953,0.230972,0.999884,-0.009288,0.011917,-0.001692
1.18433,-0.074725,-0.015963,0.231045,0.99988,-0.009347,0.012256,-0.001677
1.20434,-0.074691,-0.01596,0.230939,0.999889,-0.00955,0.011445,-0.000853
1.22433,-0.074719,-0.015962,0.231033,0.999875,-0.009448,0.012613,-0.001538
1.24434,-0.074707,-0.015951,0.230999,0.999886,-0.009344,0.011637,-0.002189
1.26431,-0.074692,-0.015955,0.230954,0.999883,-0.009379,0.012026,-0.001519
1.28431,-0.074708,-0.015957,0.230976,0.999885,-0.009407,0.011862,-0.001157
1.30435,-0.074713,-0.015953,0.231012,0.999881,-0.00946,0.012008,-0.001897
1.32432,-0.074731,-0.015963,0.231078,0.999868,-0.009284,0.013114,-0.002265
1.34431,-0.074698,-0.015958,0.23097,0.999879,-0.009352,0.012363,-0.001617
1.36433,-0.07471,-0.015958,0.231008,0.999879,-0.009446,0.012194,-0.001787
1.38432,-0.074728,-0.015961,0.231059,0.999879,-0.009261,0.012233,-0.002704
1.40433,-0.074731,-0.01596,0.231098,0.999865,-0.009277,0.013309,-0.0026
1.42437,-0.074702,-0.015961,0.230969,0.999884,-0.009196,0.012001,-0.001686
1.44435,-0.074724,-0.015957,0.231026,0.99988,-0.009333,0.012215,-0.00168
1.46436,-0.074723,-0.015958,0.231039,0.999875,-0.009513,0.012499,-0.001654
1.48436,-0.074711,-0.015958,0.230995,0.999883,-0.009536,0.011908,-0.001054
1.50435,-0.074698,-0.015953,0.230952,0.999886,-0.009486,0.01169,-0.001306
1.52435,-0.074703,-0.015949,0.230988,0.999885,-0.009111,0.01181,-0.002718
1.54435,-0.07472,-0.015963,0.231018,0.999882,-0.009395,0.012046,-0.001559
1.56435,-0.074721,-0.015957,0.231032,0.999882,-0.009224,0.012015,-0.002623
1.58435,-0.074706,-0.015961,0.231006,0.999884,-0.009363,0.011988,-0.001161
1.60435,-0.074708,-0.015956,0.230993,0.999885,-0.009329,0.011806,-0.001721
1.62434,-0.074719,-0.015951,0.230998,0.999889,-0.009248,0.011385,-0.002599
1.64435,-0.074712,-0.015954,0.231027,0.999875,-0.00916,0.01265,-0.002507
1.66434,-0.074715,-0.015956,0.231007,0.999884,-0.009338,0.011833,-0.00201
1.68434,-0.074724,-0.015954,0.231046,0.99988,-0.009262,0.012301,-0.00177
1.70434,-0.074724,-0.015964,0.231042,0.999877,-0.009335,0.012521,-0.001119
1.72434,-0.074733,-0.015958,0.231092,0.999869,-0.009278,0.013064,-0.002354
1.74434,-0.07472,-0.015957,0.231023,0.999882,-0.009297,0.011981,-0.002451
1.76434,-0.07471,-0.015958,0.231009,0.999883,-0.009235,0.01196,-0.00252
1.78434,-0.074711,-0.015952,0.231002,0.999881,-0.009432,0.012091,-0.001497
1.80434,-0.074716,-0.015958,0.231008,0.999878,-0.009488,0.012266,-0.001904
1.82435,-0.074732,-0.01596,0.23107,0.999876,-0.009376,0.012529,-0.001974
1.84437,-0.074672,-0.015959,0.230908,0.999885,-0.009425,0.011848,-0.001192
1.86432,-0.074336,-0.015799,0.229243,0.999947,-0.009535,0.002166,-0.003184
1.88432,-0.074433,-0.015756,0.230456,0.999899,-0.009688,0.008087,-0.006521
1.90432,-0.074317,-0.015911,0.230302,0.999923,-0.009601,0.007603,-0.001984
1.92432,-0.074375,-0.016022,0.23052,0.999912,-0.008989,0.009362,-0.002828
1.94454,-0.074641,-0.016128,0.231465,0.999842,-0.009359,0.014912,-0.002363
1.96434,-0.07467,-0.016013,0.231473,0.999826,-0.009897,0.015679,-0.002024
1.98432,-0.074814,-0.015953,0.231809,0.999808,-0.010434,0.016301,-0.003156
2.00437,-0.074688,-0.015923,0.231594,0.999828,-0.010041,0.015556,-0.000682
2.02438,-0.074531,-0.015889,0.231103,0.999882,-0.009437,0.012084,-0.000569
2.04432,-0.074523,-0.015891,0.231056,0.999884,-0.009572,0.01166,-0.001912
2.06432,-0.074459,-0.015893,0.230834,0.999901,-0.009311,0.010371,-0.001797
2.08436,-0.074435,-0.01592,0.230779,0.999905,-0.009335,0.009997,-0.001967
2.10438,-0.074394,-0.015924,0.230639,0.999913,-0.009086,0.009159,-0.002754
2.12431,-0.074456,-0.015948,0.230849,0.999893,-0.009344,0.010771,-0.003144
2.14436,-0.07446,-0.015948,0.230859,0.999896,-0.009141,0.010738,-0.003001
2.16439,-0.074506,-0.015977,0.231014,0.999876,-0.009383,0.012301,-0.002978
2.18436,-0.074536,-0.015976,0.23112,0.999869,-0.00938,0.012876,-0.002902
2.20437,-0.074537,-0.01598,0.231101,0.999873,-0.009545,0.012696,-0.001636
2.22435,-0.074546,-0.015975,0.231143,0.999876,-0.009394,0.012413,-0.0023
2.24435,-0.074515,-0.015971,0.231059,0.999875,-0.009417,0.012545,-0.002067
2.26435,-0.074564,-0.015965,0.231189,0.999874,-0.00947,0.012528,-0.002444
2.28435,-0.07456,-0.015964,0.231182,0.999871,-0.009398,0.012784,-0.002547
2.30435,-0.074509,-0.015952,0.231033,0.99988,-0.009517,0.01209,-0.001658
2.32435,-0.074529,-0.015961,0.231081,0.99988,-0.009417,0.012075,-0.002349
2.34435,-0.074523,-0.015959,0.231073,0.999881,-0.00949,0.012005,-0.002016
2.36436,-0.07451,-0.015953,0.231024,0.999882,-0.0095,0.011981,-0.001475
2.3844,-0.074508,-0.015943,0.231,0.999887,-0.009003,0.011473,-0.003655
2.40436,-0.07448,-0.015951,0.230932,0.999881,-0.009667,0.01196,-0.001416
2.42435,-0.074494,-0.015951,0.231007,0.999885,-0.009266,0.011732,-0.002418
2.44435,-0.074494,-0.015946,0.230962,0.999886,-0.009053,0.011507,-0.003564
2.46433,-0.07448,-0.015949,0.230938,0.999876,-0.009543,0.012276,-0.002453
2.48433,-0.074491,-0.015956,0.230965,0.999878,-0.00942,0.012109,-0.002785
2.50434,-0.074497,-0.015952,0.230965,0.999881,-0.009348,0.011968,-0.002737
2.52436,-0.074483,-0.015953,0.230928,0.999884,-0.009386,0.011705,-0.002486
2.54435,-0.074495,-0.01596,0.230987,0.999876,-0.009335,0.012362,-0.002768
2.56435,-0.074497,-0.015957,0.230987,0.999876,-0.009508,0.012294,-0.00272
2.58434,-0.074494,-0.01596,0.230965,0.999885,-0.009148,0.011788,-0.002544
2.60435,-0.074498,-0.015958,0.230968,0.999883,-0.009423,0.011882,-0.002102
2.62434,-0.074558,-0.01603,0.231205,0.999861,-0.009233,0.013403,-0.00367
2.64434,-0.074531,-0.015875,0.230885,0.99988,-0.010227,0.011559,-0.001323
2.66434,-0.075063,-0.015827,0.229982,0.999855,-0.010193,0.008744,0.010493
2.68435,-0.077117,-0.015849,0.226416,0.999611,-0.008062,-0.010563,0.024514
2.70435,-0.085311,-0.015794,0.213846,0.997728,-0.006048,-0.05922,0.031552
2.72434,-0.090002,-0.015771,0.206109,0.995999,-0.005143,-0.082609,0.033683
2.74434,-0.094621,-0.015784,0.198486,0.993992,-0.004384,-0.104475,0.032342
2.76435,-0.098567,-0.015817,0.192722,0.992578,-0.006576,-0.119744,0.020165
2.78435,-0.100616,-0.015809,0.188995,0.990641,-0.00862,-0.136105,0.00562
2.80435,-0.101196,-0.015841,0.187793,0.989361,-0.010211,-0.145115,-0.001699
2.82435,-0.100481,-0.015792,0.186732,0.988886,-0.010024,-0.148322,-0.002055
2.84435,-0.100674,-0.015811,0.18704,0.989002,-0.010106,-0.14754,-0.002173
2.86434,-0.100593,-0.015851,0.186984,0.989006,-0.010092,-0.147527,-0.001319
2.88435,-0.100708,-0.015838,0.187208,0.989062,-0.009903,-0.147158,-0.001835
2.90432,-0.100605,-0.015813,0.186988,0.98897,-0.010185,-0.147753,-0.001884
2.92441,-0.100654,-0.015863,0.187175,0.988936,-0.010506,-0.147959,-0.001961
2.94435,-0.100674,-0.015884,0.187343,0.989011,-0.009966,-0.147494,-0.002078
2.96435,-0.100587,-0.015809,0.187223,0.988991,-0.010037,-0.14762,-0.00216
2.98435,-0.10035,-0.015797,0.18689,0.988763,-0.010075,-0.149132,-0.002407
3.00435,-0.100376,-0.01587,0.186972,0.98876,-0.010042,-0.149165,-0.001833
3.02436,-0.100588,-0.015882,0.187592,0.989001,-0.010273,-0.147524,-0.002745
3.04432,-0.100348,-0.015782,0.187282,0.988767,-0.009964,-0.149106,-0.002892
3.06435,-0.100025,-0.015838,0.187873,0.988547,-0.010493,-0.150428,-0.005962
3.08434,-0.09977,-0.015907,0.190227,0.988574,-0.011743,-0.149976,-0.009539
3.10434,-0.099434,-0.015835,0.19375,0.989202,-0.01185,-0.14575,-0.009832
3.12434,-0.098724,-0.015779,0.19681,0.989807,-0.011796,-0.141496,-0.011056
3.14432,-0.098265,-0.015787,0.200534,0.990544,-0.011768,-0.136215,-0.011422
3.16434,-0.097893,-0.015806,0.204425,0.991362,-0.011729,-0.130351,-0.008452
3.18432,-0.097293,-0.01572,0.206059,0.991964,-0.010942,-0.12603,-0.002203
3.20434,-0.097301,-0.01572,0.206101,0.991951,-0.010528,-0.126172,-0.001673
3.22434,-0.097302,-0.015739,0.206137,0.992002,-0.010609,-0.125777,-0.000474
3.24432,-0.097371,-0.015758,0.206319,0.99206,-0.010341,-0.125338,-0.000875
3.26432,-0.097356,-0.015768,0.206264,0.992025,-0.010915,-0.125564,-0.000576
3.28433,-0.097302,-0.015747,0.206178,0.992017,-0.010397,-0.125676,-0.000732
3.30434,-0.097339,-0.015746,0.206263,0.992131,-0.010393,-0.124759,-0.001644
3.32432,-0.097312,-0.015758,0.206169,0.992028,-0.010828,-0.125551,-0.000549
3.34438,-0.09733,-0.015748,0.206234,0.992037,-0.010462,-0.125509,-0.000963
3.36434,-0.097378,-0.015756,0.206323,0.992065,-0.010514,-0.12528,-0.001245
3.38433,-0.097411,-0.015766,0.206392,0.992057,-0.010418,-0.125351,-0.001432
3.40436,-0.097416,-0.015761,0.206402,0.992111,-0.010278,-0.124933,-0.001678
3.42434,-0.097376,-0.015742,0.20628,0.992041,-0.010551,-0.125464,-0.001611
3.44433,-0.097368,-0.015768,0.206298,0.992052,-0.010705,-0.125375,-0.000314
3.46437,-0.097358,-0.015755,0.206272,0.99201,-0.010668,-0.125706,-0.000937
3.48436,-0.097334,-0.015746,0.206247,0.992018,-0.010539,-0.125651,-0.000688
3.50434,-0.097363,-0.015758,0.206268,0.992,-0.010661,-0.125782,-0.000522
3.52435,-0.097392,-0.01575,0.206335,0.992042,-0.010321,-0.12548,-0.001351
3.54436,-0.097349,-0.015743,0.20625,0.992018,-0.010511,-0.125655,-0.000625
3.56436,-0.097382,-0.015754,0.206309,0.992018,-0.010391,-0.125664,-0.000801
3.58433,-0.09736,-0.015747,0.206267,0.992025,-0.010396,-0.125607,-0.000895
3.60433,-0.097354,-0.015747,0.206259,0.992015,-0.010611,-0.125667,-0.000716
3.62435,-0.09735,-0.015741,0.206262,0.992025,-0.010346,-0.125616,-0.000816
3.64434,-0.09735,-0.015749,0.206246,0.99201,-0.010592,-0.125711,-0.000755
3.66433,-0.097375,-0.015758,0.206305,0.992001,-0.010752,-0.125773,0.000345
3.68438,-0.097361,-0.015746,0.206277,0.992061,-0.010692,-0.1253,-0.000935
3.70435,-0.097345,-0.01575,0.206252,0.992005,-0.010439,-0.125761,-0.000817
3.72435,-0.097387,-0.015749,0.206319,0.992042,-0.010467,-0.125468,-0.00066
3.74434,-0.097406,-0.015749,0.206382,0.992037,-0.010592,-0.125501,-0.000755
3.76435,-0.097384,-0.015751,0.206339,0.992032,-0.010513,-0.125546,-0.000627
3.78433,-0.097369,-0.015741,0.206316,0.99208,-0.010441,-0.12517,-0.001268
3.80434,-0.097363,-0.015745,0.206307,0.992063,-0.010386,-0.125308,-0.00116
3.82434,-0.097368,-0.015747,0.206288,0.992011,-0.010505,-0.125713,-0.000531
3.84433,-0.097412,-0.015758,0.206387,0.992044,-0.010469,-0.125445,-0.00139
3.86435,-0.097394,-0.01575,0.206357,0.992057,-0.010622,-0.125337,-0.000559
3.88436,-0.097416,-0.015755,0.206388,0.992004,-0.010506,-0.125771,-0.00057
3.90435,-0.097372,-0.015747,0.206285,0.992001,-0.010519,-0.125783,-0.00111
3.92435,-0.097377,-0.015753,0.20632,0.992013,-0.010463,-0.125702,-0.000806
3.94435,-0.09739,-0.015753,0.206321,0.992007,-0.010476,-0.125742,-0.000923
3.96433,-0.097384,-0.015748,0.206338,0.99204,-0.010706,-0.125462,-0.000708
3.98435,-0.0974,-0.015745,0.206363,0.99205,-0.010333,-0.125415,-0.001378
4.00435,-0.097363,-0.015743,0.206285,0.992016,-0.010588,-0.125662,-0.001164
4.02433,-0.0974,-0.015749,0.206352,0.992037,-0.010361,-0.125516,-0.001057
4.04432,-0.097366,-0.015744,0.206281,0.991965,-0.010353,-0.126081,-0.001079
4.06432,-0.09738,-0.015754,0.206316,0.992052,-0.010275,-0.1254,-0.001435
4.08432,-0.097387,-0.01575,0.206326,0.992018,-0.010534,-0.125648,-0.001041
4.10432,-0.097388,-0.015745,0.20634,0.992052,-0.01058,-0.125379,-0.00098
4.12432,-0.097408,-0.015754,0.206383,0.992069,-0.010461,-0.125254,-0.001056
4.14433,-0.097387,-0.015752,0.206338,0.992028,-0.010299,-0.125592,-0.000848
4.16432,-0.097391,-0.015749,0.206314,0.992011,-0.010541,-0.125709,-0.00111
4.18432,-0.09733,-0.015743,0.206232,0.992009,-0.010418,-0.125737,-0.000792
4.20432,-0.097388,-0.015742,0.206338,0.992044,-0.010637,-0.12543,-0.001386
4.22432,-0.097354,-0.015746,0.206267,0.992004,-0.010482,-0.125766,-0.000521
4.24433,-0.097369,-0.015753,0.206293,0.99203,-0.01069,-0.125544,0.000134
4.26436,-0.097389,-0.015751,0.206341,0.992024,-0.010307,-0.125626,-0.000131
4.28436,-0.097355,-0.01574,0.206271,0.992015,-0.010543,-0.125674,-0.000779
4.30436,-0.097392,-0.015747,0.206339,0.992064,-0.01039,-0.125296,-0.001188
4.32437,-0.097429,-0.015744,0.206386,0.992026,-0.010396,-0.125596,-0.001307
4.34435,-0.097368,-0.015746,0.206307,0.992014,-0.010534,-0.125686,-0.000404
4.36436,-0.09739,-0.015752,0.206331,0.992011,-0.010488,-0.125709,-0.000673
4.38437,-0.097399,-0.015747,0.206361,0.992075,-0.010523,-0.125205,-0.001015
4.40435,-0.097376,-0.015748,0.206333,0.992054,-0.0104,-0.125378,-0.000815
4.42436,-0.097369,-0.015743,0.206306,0.992019,-0.010299,-0.125665,-0.001075
4.44435,-0.097356,-0.015743,0.206262,0.991976,-0.010059,-0.126024,-0.00097
4.46442,-0.097399,-0.01574,0.206374,0.99205,-0.010635,-0.125392,-0.001169
4.48436,-0.097381,-0.01574,0.206311,0.992037,-0.01058,-0.125498,-0.00093
4.50438,-0.097375,-0.015748,0.206326,0.99204,-0.010557,-0.125479,-0.000907
4.52438,-0.097375,-0.015744,0.206309,0.992052,-0.010656,-0.125374,-0.001028
4.54436,-0.097361,-0.015754,0.206288,0.992045,-0.010697,-0.125424,-0.000657
4.56437,-0.097381,-0.015749,0.206313,0.992053,-0.01022,-0.125398,-0.001262
4.58436,-0.0974,-0.015751,0.206372,0.992063,-0.010289,-0.125309,-0.001401
4.60438,-0.097348,-0.01574,0.206261,0.992006,-0.010601,-0.125736,-0.001448
